,filepath
0,img_84_rotate_4.jpg
1,img_49_rotate_4.jpg
2,img_99_shift_3.jpg
3,img_83_shift_1.jpg
4,img_92_shift_1.jpg
5,img_35_shift_2.jpg
6,img_100_rotate_4.jpg
7,img_78_rotate_1.jpg
8,img_69_shift_2.jpg
9,img_21_rotate_2.jpg
10,img_45_shift_4.jpg
11,img_97_shift_2.jpg
12,img_77_shift_2.jpg
13,img_16_shift_1.jpg
14,img_32_shift_3.jpg
15,img_22.jpg
16,img_70_shift_1.jpg
17,img_76_shift_3.jpg
18,img_87_rotate_2.jpg
19,img_57_rotate_4.jpg
20,img_42_shift_1.jpg
21,img_1_shift_1.jpg
22,img_93_shift_3.jpg
23,img_5_shift_2.jpg
24,img_12_rotate_3.jpg
25,img_94_rotate_3.jpg
26,img_106_rotate_4.jpg
27,img_55_shift_4.jpg
28,img_10_shift_4.jpg
29,img_71_rotate_2.jpg
30,img_59_shift_2.jpg
31,img_19_shift_4.jpg
32,img_18_rotate_2.jpg
33,img_34_rotate_3.jpg
34,img_73_shift_1.jpg
35,img_51_rotate_2.jpg
36,img_82_rotate_1.jpg
37,img_90_shift_4.jpg
38,img_86_rotate_3.jpg
39,img_58_shift_4.jpg
40,img_88.jpg
41,img_69_shift_4.jpg
42,img_87_shift_4.jpg
43,img_108_shift_2.jpg
44,img_63_shift_3.jpg
45,img_47_rotate_3.jpg
46,img_59.jpg
47,img_19.jpg
48,img_95_rotate_4.jpg
49,img_102_shift_2.jpg
50,img_101_rotate_4.jpg
51,img_30_shift_4.jpg
52,img_48_shift_2.jpg
53,img_43_rotate_3.jpg
54,img_93_rotate_3.jpg
55,img_34_shift_1.jpg
56,img_23_shift_3.jpg
57,img_61_shift_1.jpg
58,img_48_rotate_2.jpg
59,img_92_rotate_3.jpg
60,img_33_shift_4.jpg
61,img_66_rotate_4.jpg
62,img_97.jpg
63,img_40_shift_3.jpg
64,img_24_rotate_4.jpg
65,img_28_rotate_4.jpg
66,img_90_rotate_3.jpg
67,img_54.jpg
68,img_46_shift_2.jpg
69,img_101_shift_2.jpg
70,img_109.jpg
71,img_94_shift_2.jpg
72,img_24_rotate_2.jpg
73,img_81_rotate_2.jpg
74,img_76_shift_4.jpg
75,img_42_rotate_1.jpg
76,img_66_rotate_2.jpg
77,img_6_rotate_2.jpg
78,img_46_shift_4.jpg
79,img_67_shift_3.jpg
80,img_84.jpg
81,img_34_shift_3.jpg
82,img_75_shift_4.jpg
83,img_29_rotate_1.jpg
84,img_36_shift_4.jpg
85,img_22_shift_3.jpg
86,img_97_shift_3.jpg
87,img_5_rotate_2.jpg
88,img_105_shift_2.jpg
89,img_75.jpg
90,img_6_shift_1.jpg
91,img_92.jpg
92,img_82_shift_3.jpg
93,img_17_rotate_4.jpg
94,img_36_rotate_1.jpg
95,img_99_shift_1.jpg
96,img_93_rotate_1.jpg
97,img_11_rotate_1.jpg
98,img_1.jpg
99,img_6_shift_2.jpg
100,img_0_rotate_1.jpg
101,img_21_shift_4.jpg
102,img_57_rotate_1.jpg
103,img_39_rotate_3.jpg
104,img_98_shift_1.jpg
105,img_15_rotate_3.jpg
106,img_72_rotate_1.jpg
107,img_52_shift_3.jpg
108,img_99_rotate_4.jpg
109,img_63_shift_4.jpg
110,img_55_rotate_3.jpg
111,img_4_shift_2.jpg
112,img_87.jpg
113,img_49_shift_4.jpg
114,img_27_shift_2.jpg
115,img_22_rotate_2.jpg
116,img_91_shift_2.jpg
117,img_21_rotate_4.jpg
118,img_36_rotate_3.jpg
119,img_3_shift_4.jpg
120,img_72.jpg
121,img_4_rotate_1.jpg
122,img_91_shift_1.jpg
123,img_91_rotate_1.jpg
124,img_47_shift_4.jpg
125,img_17_rotate_3.jpg
126,img_32_shift_2.jpg
127,img_21_rotate_1.jpg
128,img_102.jpg
129,img_92_rotate_2.jpg
130,img_84_shift_3.jpg
131,img_79_rotate_1.jpg
132,img_95_rotate_3.jpg
133,img_95.jpg
134,img_18_shift_3.jpg
135,img_12_rotate_4.jpg
136,img_78_rotate_3.jpg
137,img_101_shift_1.jpg
138,img_106.jpg
139,img_96.jpg
140,img_100_rotate_1.jpg
141,img_64_shift_1.jpg
142,img_50_shift_4.jpg
143,img_67.jpg
144,img_109_rotate_4.jpg
145,img_62_shift_3.jpg
146,img_11_rotate_4.jpg
147,img_66_shift_2.jpg
148,img_40_rotate_1.jpg
149,img_24_shift_4.jpg
150,img_45_rotate_1.jpg
151,img_63_rotate_2.jpg
152,img_37.jpg
153,img_64_shift_4.jpg
154,img_98_shift_4.jpg
155,img_68_shift_2.jpg
156,img_106_rotate_3.jpg
157,img_74_shift_4.jpg
158,img_60_shift_1.jpg
159,img_69_rotate_3.jpg
160,img_51_rotate_3.jpg
161,img_101_shift_3.jpg
162,img_102_shift_3.jpg
163,img_81_shift_3.jpg
164,img_77_rotate_1.jpg
165,img_52_shift_1.jpg
166,img_60_shift_4.jpg
167,img_39_shift_2.jpg
168,img_106_shift_3.jpg
169,img_104_shift_4.jpg
170,img_28_rotate_1.jpg
171,img_20_shift_3.jpg
172,img_55_shift_1.jpg
173,img_17_shift_2.jpg
174,img_31_rotate_4.jpg
175,img_53.jpg
176,img_56_rotate_3.jpg
177,img_70_rotate_2.jpg
178,img_94_shift_1.jpg
179,img_0_shift_4.jpg
180,img_90.jpg
181,img_75_rotate_4.jpg
182,img_84_rotate_1.jpg
183,img_1_rotate_1.jpg
184,img_104_shift_1.jpg
185,img_64_rotate_1.jpg
186,img_89_rotate_1.jpg
187,img_88_shift_1.jpg
188,img_56_shift_2.jpg
189,img_49.jpg
190,img_32_shift_4.jpg
191,img_26_shift_4.jpg
192,img_35_rotate_3.jpg
193,img_69_rotate_4.jpg
194,img_19_rotate_2.jpg
195,img_83_shift_4.jpg
196,img_93_rotate_4.jpg
197,img_14_shift_4.jpg
198,img_28_rotate_3.jpg
199,img_94_rotate_2.jpg
200,img_61_rotate_2.jpg
201,img_4.jpg
202,img_34_rotate_1.jpg
203,img_67_rotate_3.jpg
204,img_109_rotate_2.jpg
205,img_86_shift_4.jpg
206,img_85_rotate_4.jpg
207,img_36_shift_2.jpg
208,img_80_rotate_1.jpg
209,img_82_shift_4.jpg
210,img_77_shift_4.jpg
211,img_74_rotate_1.jpg
212,img_93.jpg
213,img_77_rotate_4.jpg
214,img_28_shift_4.jpg
215,img_61_shift_2.jpg
216,img_21_shift_1.jpg
217,img_3_rotate_2.jpg
218,img_100_rotate_3.jpg
219,img_18_shift_2.jpg
220,img_17_shift_1.jpg
221,img_40.jpg
222,img_4_shift_1.jpg
223,img_60_rotate_2.jpg
224,img_85_rotate_2.jpg
225,img_45_rotate_2.jpg
226,img_3_shift_1.jpg
227,img_77_rotate_2.jpg
228,img_55_shift_3.jpg
229,img_26_rotate_3.jpg
230,img_28_shift_3.jpg
231,img_17_shift_3.jpg
232,img_27_shift_3.jpg
233,img_84_rotate_2.jpg
234,img_35_rotate_4.jpg
235,img_71_rotate_1.jpg
236,img_105_rotate_2.jpg
237,img_0_rotate_3.jpg
238,img_106_shift_1.jpg
239,img_3_rotate_4.jpg
240,img_72_rotate_2.jpg
241,img_14_rotate_2.jpg
242,img_85_shift_1.jpg
243,img_49_rotate_2.jpg
244,img_2_shift_1.jpg
245,img_73_rotate_2.jpg
246,img_72_rotate_3.jpg
247,img_96_rotate_4.jpg
248,img_91_rotate_2.jpg
249,img_73_rotate_4.jpg
250,img_94_shift_4.jpg
251,img_13.jpg
252,img_31_shift_4.jpg
253,img_71_shift_4.jpg
254,img_74_shift_3.jpg
255,img_92_shift_4.jpg
256,img_40_shift_2.jpg
257,img_89_shift_2.jpg
258,img_44_shift_2.jpg
259,img_100_shift_2.jpg
260,img_9_shift_2.jpg
261,img_55_rotate_2.jpg
262,img_2_rotate_4.jpg
263,img_43_rotate_2.jpg
264,img_29_shift_2.jpg
265,img_20_shift_1.jpg
266,img_12.jpg
267,img_37_shift_1.jpg
268,img_78_rotate_4.jpg
269,img_98.jpg
270,img_79_rotate_3.jpg
271,img_31.jpg
272,img_97_rotate_4.jpg
273,img_98_shift_2.jpg
274,img_40_rotate_2.jpg
275,img_51_rotate_4.jpg
276,img_63_shift_2.jpg
277,img_0_rotate_2.jpg
278,img_31_rotate_1.jpg
279,img_59_rotate_1.jpg
280,img_51_shift_3.jpg
281,img_100.jpg
282,img_35.jpg
283,img_57_shift_1.jpg
284,img_27_rotate_2.jpg
285,img_100_shift_4.jpg
286,img_47_shift_2.jpg
287,img_71_shift_1.jpg
288,img_30_shift_3.jpg
289,img_79_shift_4.jpg
290,img_41.jpg
291,img_72_shift_3.jpg
292,img_105.jpg
293,img_86.jpg
294,img_86_rotate_2.jpg
295,img_42_rotate_3.jpg
296,img_17_shift_4.jpg
297,img_76_rotate_4.jpg
298,img_19_rotate_4.jpg
299,img_18_shift_4.jpg
300,img_20_shift_2.jpg
301,img_67_shift_2.jpg
302,img_62_shift_4.jpg
303,img_24_rotate_3.jpg
304,img_82.jpg
305,img_41_shift_4.jpg
306,img_33_shift_3.jpg
307,img_84_shift_2.jpg
308,img_95_rotate_2.jpg
309,img_30.jpg
310,img_15_shift_3.jpg
311,img_56_rotate_4.jpg
312,img_89_shift_3.jpg
313,img_25_rotate_3.jpg
314,img_33_rotate_2.jpg
315,img_1_shift_3.jpg
316,img_87_rotate_3.jpg
317,img_6_shift_4.jpg
318,img_60_shift_2.jpg
319,img_46.jpg
320,img_35_shift_4.jpg
321,img_104_shift_3.jpg
322,img_81.jpg
323,img_103_rotate_2.jpg
324,img_92_shift_3.jpg
325,img_97_shift_4.jpg
326,img_44_rotate_3.jpg
327,img_69_shift_1.jpg
328,img_11_shift_1.jpg
329,img_59_shift_3.jpg
330,img_80_rotate_4.jpg
331,img_94_rotate_4.jpg
332,img_83_rotate_1.jpg
333,img_43.jpg
334,img_86_shift_3.jpg
335,img_24_rotate_1.jpg
336,img_91_shift_3.jpg
337,img_9_shift_3.jpg
338,img_87_rotate_1.jpg
339,img_103.jpg
340,img_14_shift_2.jpg
341,img_102_shift_4.jpg
342,img_102_rotate_3.jpg
343,img_43_shift_1.jpg
344,img_69_rotate_2.jpg
345,img_46_shift_1.jpg
346,img_91_rotate_3.jpg
347,img_74_rotate_2.jpg
348,img_67_shift_1.jpg
349,img_86_shift_1.jpg
350,img_73_shift_3.jpg
351,img_41_rotate_1.jpg
352,img_84_rotate_3.jpg
353,img_3.jpg
354,img_13_rotate_4.jpg
355,img_38_shift_4.jpg
356,img_5_rotate_3.jpg
357,img_81_rotate_1.jpg
358,img_42_shift_2.jpg
359,img_1_rotate_2.jpg
360,img_96_shift_2.jpg
361,img_58_shift_2.jpg
362,img_54_shift_4.jpg
363,img_43_rotate_1.jpg
364,img_53_shift_2.jpg
365,img_44_shift_4.jpg
366,img_70_rotate_4.jpg
367,img_41_shift_3.jpg
368,img_100_shift_3.jpg
369,img_9_shift_4.jpg
370,img_53_rotate_1.jpg
371,img_48_shift_4.jpg
372,img_33_rotate_3.jpg
373,img_4_shift_3.jpg
374,img_11_shift_4.jpg
375,img_36_rotate_4.jpg
376,img_6.jpg
377,img_86_rotate_1.jpg
378,img_108_shift_1.jpg
379,img_52.jpg
380,img_50_shift_3.jpg
381,img_15_shift_4.jpg
382,img_57_shift_4.jpg
383,img_4_shift_4.jpg
384,img_16_rotate_3.jpg
385,img_16_rotate_4.jpg
386,img_85_rotate_1.jpg
387,img_94_shift_3.jpg
388,img_24_shift_2.jpg
389,img_9.jpg
390,img_90_rotate_1.jpg
391,img_93_shift_2.jpg
392,img_58_rotate_4.jpg
393,img_85.jpg
394,img_83_rotate_3.jpg
395,img_93_shift_4.jpg
396,img_64_shift_3.jpg
397,img_61_shift_4.jpg
398,img_0_shift_1.jpg
399,img_64_rotate_2.jpg
400,img_88_shift_4.jpg
401,img_72_shift_1.jpg
402,img_23_shift_4.jpg
403,img_62_rotate_2.jpg
404,img_92_shift_2.jpg
405,img_9_rotate_4.jpg
406,img_90_shift_2.jpg
407,img_18.jpg
408,img_85_shift_3.jpg
409,img_41_shift_2.jpg
410,img_14_rotate_4.jpg
411,img_17_rotate_2.jpg
412,img_109_shift_2.jpg
413,img_83_rotate_4.jpg
414,img_29_shift_1.jpg
415,img_87_shift_2.jpg
416,img_107_rotate_1.jpg
417,img_76_rotate_1.jpg
418,img_45_shift_1.jpg
419,img_47_shift_1.jpg
420,img_51_shift_4.jpg
421,img_105_rotate_4.jpg
422,img_83.jpg
423,img_63_rotate_4.jpg
424,img_46_rotate_4.jpg
425,img_107_shift_2.jpg
426,img_49_shift_1.jpg
427,img_37_shift_4.jpg
428,img_55.jpg
429,img_33_rotate_4.jpg
430,img_40_shift_1.jpg
431,img_72_shift_2.jpg
432,img_52_rotate_1.jpg
433,img_63_shift_1.jpg
434,img_93_rotate_2.jpg
435,img_81_shift_1.jpg
436,img_39_shift_4.jpg
437,img_68.jpg
438,img_11_shift_2.jpg
439,img_74.jpg
440,img_97_shift_1.jpg
441,img_63.jpg
442,img_29_rotate_4.jpg
443,img_14_rotate_1.jpg
444,img_73_shift_2.jpg
445,img_54_shift_2.jpg
446,img_48_shift_1.jpg
447,img_3_rotate_1.jpg
448,img_20_rotate_2.jpg
449,img_103_rotate_4.jpg
450,img_105_shift_3.jpg
451,img_35_rotate_2.jpg
452,img_50_rotate_4.jpg
453,img_79.jpg
454,img_49_shift_3.jpg
455,img_89_shift_4.jpg
456,img_74_rotate_3.jpg
457,img_96_rotate_1.jpg
458,img_33_shift_2.jpg
459,img_49_rotate_1.jpg
460,img_15_rotate_2.jpg
461,img_91_shift_4.jpg
462,img_48_shift_3.jpg
463,img_98_shift_3.jpg
464,img_16_shift_4.jpg
465,img_12_shift_2.jpg
466,img_25_shift_1.jpg
467,img_37_rotate_3.jpg
468,img_50_rotate_2.jpg
469,img_24_shift_3.jpg
470,img_11_rotate_3.jpg
471,img_42.jpg
472,img_51_shift_2.jpg
473,img_52_shift_2.jpg
474,img_67_rotate_2.jpg
475,img_108_rotate_3.jpg
476,img_15_shift_1.jpg
477,img_36.jpg
478,img_15_rotate_1.jpg
479,img_61.jpg
480,img_66_shift_4.jpg
481,img_17.jpg
482,img_82_rotate_2.jpg
483,img_1_shift_4.jpg
484,img_99_shift_2.jpg
485,img_30_rotate_1.jpg
486,img_9_shift_1.jpg
487,img_56_shift_4.jpg
488,img_60_shift_3.jpg
489,img_74_rotate_4.jpg
490,img_0.jpg
491,img_87_shift_3.jpg
492,img_5_rotate_4.jpg
493,img_103_shift_1.jpg
494,img_1_rotate_4.jpg
495,img_38_shift_2.jpg
496,img_13_shift_2.jpg
497,img_96_rotate_2.jpg
498,img_109_shift_3.jpg
499,img_30_rotate_4.jpg
500,img_55_rotate_1.jpg
501,img_25.jpg
502,img_92_rotate_4.jpg
503,img_15.jpg
504,img_10_rotate_4.jpg
505,img_37_shift_2.jpg
506,img_10_shift_1.jpg
507,img_92_rotate_1.jpg
508,img_53_rotate_3.jpg
509,img_77_shift_3.jpg
510,img_25_shift_2.jpg
511,img_83_shift_3.jpg
512,img_66.jpg
513,img_47_shift_3.jpg
514,img_57_rotate_2.jpg
515,img_16_shift_3.jpg
516,img_33_shift_1.jpg
517,img_30_shift_1.jpg
518,img_27_rotate_3.jpg
519,img_107.jpg
520,img_2_rotate_1.jpg
521,img_75_rotate_1.jpg
522,img_91.jpg
523,img_50.jpg
524,img_49_rotate_3.jpg
525,img_37_rotate_4.jpg
526,img_70.jpg
527,img_10_rotate_2.jpg
528,img_25_rotate_4.jpg
529,img_104_shift_2.jpg
530,img_62_rotate_3.jpg
531,img_89_shift_1.jpg
532,img_31_rotate_3.jpg
533,img_38_rotate_2.jpg
534,img_29_shift_4.jpg
535,img_88_rotate_4.jpg
536,img_20_rotate_1.jpg
537,img_62_shift_1.jpg
538,img_56_shift_3.jpg
539,img_61_shift_3.jpg
540,img_105_shift_1.jpg
541,img_16_rotate_2.jpg
542,img_66_shift_3.jpg
543,img_78_shift_2.jpg
544,img_107_shift_4.jpg
545,img_62_rotate_1.jpg
546,img_75_shift_3.jpg
547,img_3_shift_3.jpg
548,img_95_shift_4.jpg
549,img_88_rotate_2.jpg
550,img_104.jpg
551,img_84_shift_1.jpg
552,img_9_rotate_1.jpg
553,img_16.jpg
554,img_18_rotate_3.jpg
555,img_104_rotate_2.jpg
556,img_14_shift_1.jpg
557,img_79_rotate_2.jpg
558,img_102_rotate_1.jpg
559,img_19_shift_2.jpg
560,img_58.jpg
561,img_15_rotate_4.jpg
562,img_59_shift_4.jpg
563,img_5_shift_3.jpg
564,img_78_shift_1.jpg
565,img_26_shift_1.jpg
566,img_28_rotate_2.jpg
567,img_70_shift_4.jpg
568,img_88_rotate_3.jpg
569,img_11_rotate_2.jpg
570,img_42_rotate_4.jpg
571,img_22_shift_4.jpg
572,img_69_rotate_1.jpg
573,img_106_rotate_2.jpg
574,img_89.jpg
575,img_25_rotate_1.jpg
576,img_107_shift_3.jpg
577,img_32_rotate_1.jpg
578,img_64_rotate_4.jpg
579,img_53_shift_3.jpg
580,img_84_shift_4.jpg
581,img_48_rotate_4.jpg
582,img_36_shift_3.jpg
583,img_22_rotate_4.jpg
584,img_90_rotate_2.jpg
585,img_108.jpg
586,img_79_shift_1.jpg
587,img_44.jpg
588,img_40_shift_4.jpg
589,img_53_rotate_4.jpg
590,img_67_rotate_1.jpg
591,img_29_shift_3.jpg
592,img_29.jpg
593,img_68_shift_4.jpg
594,img_99_rotate_1.jpg
595,img_31_shift_3.jpg
596,img_96_shift_3.jpg
597,img_56_rotate_1.jpg
598,img_40_rotate_4.jpg
599,img_58_rotate_2.jpg
600,img_59_shift_1.jpg
601,img_37_rotate_1.jpg
602,img_46_rotate_1.jpg
603,img_46_rotate_2.jpg
604,img_32_rotate_4.jpg
605,img_36_rotate_2.jpg
606,img_23_rotate_3.jpg
607,img_23_rotate_4.jpg
608,img_57_shift_2.jpg
609,img_35_shift_3.jpg
610,img_81_shift_2.jpg
611,img_39_rotate_4.jpg
612,img_3_shift_2.jpg
613,img_15_shift_2.jpg
614,img_27_shift_1.jpg
615,img_96_rotate_3.jpg
616,img_45.jpg
617,img_53_shift_1.jpg
618,img_2_rotate_2.jpg
619,img_75_rotate_2.jpg
620,img_98_rotate_4.jpg
621,img_80.jpg
622,img_71_shift_3.jpg
623,img_102_shift_1.jpg
624,img_26.jpg
625,img_24.jpg
626,img_99_rotate_3.jpg
627,img_71.jpg
628,img_44_rotate_4.jpg
629,img_70_rotate_1.jpg
630,img_48_rotate_3.jpg
631,img_32_shift_1.jpg
632,img_31_shift_2.jpg
633,img_45_rotate_3.jpg
634,img_108_rotate_4.jpg
635,img_61_rotate_3.jpg
636,img_21_shift_2.jpg
637,img_39_shift_1.jpg
638,img_67_rotate_4.jpg
639,img_26_rotate_4.jpg
640,img_79_shift_3.jpg
641,img_101_rotate_2.jpg
642,img_28.jpg
643,img_80_shift_2.jpg
644,img_48_rotate_1.jpg
645,img_66_shift_1.jpg
646,img_22_shift_1.jpg
647,img_6_rotate_4.jpg
648,img_94.jpg
649,img_45_shift_2.jpg
650,img_100_rotate_2.jpg
651,img_48.jpg
652,img_107_rotate_4.jpg
653,img_38_rotate_3.jpg
654,img_106_shift_4.jpg
655,img_44_rotate_1.jpg
656,img_45_shift_3.jpg
657,img_0_shift_2.jpg
658,img_51_rotate_1.jpg
659,img_98_rotate_3.jpg
660,img_0_shift_3.jpg
661,img_32.jpg
662,img_28_shift_2.jpg
663,img_101_rotate_1.jpg
664,img_76_shift_1.jpg
665,img_91_rotate_4.jpg
666,img_76.jpg
667,img_101.jpg
668,img_81_rotate_4.jpg
669,img_52_shift_4.jpg
670,img_10.jpg
671,img_57_rotate_3.jpg
672,img_13_shift_3.jpg
673,img_102_rotate_2.jpg
674,img_63_rotate_1.jpg
675,img_54_rotate_4.jpg
676,img_13_rotate_2.jpg
677,img_106_rotate_1.jpg
678,img_105_rotate_1.jpg
679,img_80_shift_3.jpg
680,img_89_rotate_2.jpg
681,img_62_rotate_4.jpg
682,img_0_rotate_4.jpg
683,img_76_shift_2.jpg
684,img_59_rotate_4.jpg
685,img_34_rotate_2.jpg
686,img_108_rotate_1.jpg
687,img_14.jpg
688,img_78_shift_3.jpg
689,img_83_rotate_2.jpg
690,img_99_rotate_2.jpg
691,img_73_rotate_3.jpg
692,img_50_shift_2.jpg
693,img_13_rotate_3.jpg
694,img_50_shift_1.jpg
695,img_60_rotate_4.jpg
696,img_47_rotate_1.jpg
697,img_12_shift_3.jpg
698,img_50_rotate_3.jpg
699,img_104_rotate_4.jpg
700,img_28_shift_1.jpg
701,img_11.jpg
702,img_44_rotate_2.jpg
703,img_58_shift_1.jpg
704,img_43_shift_3.jpg
705,img_64_shift_2.jpg
706,img_55_rotate_4.jpg
707,img_59_rotate_3.jpg
708,img_90_rotate_4.jpg
709,img_81_rotate_3.jpg
710,img_18_shift_1.jpg
711,img_70_shift_2.jpg
712,img_78_shift_4.jpg
713,img_99.jpg
714,img_104_rotate_3.jpg
715,img_80_rotate_2.jpg
716,img_82_rotate_3.jpg
717,img_96_shift_4.jpg
718,img_98_rotate_2.jpg
719,img_33_rotate_1.jpg
720,img_108_rotate_2.jpg
721,img_18_rotate_1.jpg
722,img_58_shift_3.jpg
723,img_4_rotate_2.jpg
724,img_18_rotate_4.jpg
725,img_60_rotate_1.jpg
726,img_16_rotate_1.jpg
727,img_50_rotate_1.jpg
728,img_80_shift_4.jpg
729,img_34_shift_4.jpg
730,img_38.jpg
731,img_13_shift_1.jpg
732,img_53_rotate_2.jpg
733,img_70_rotate_3.jpg
734,img_85_shift_4.jpg
735,img_95_shift_3.jpg
736,img_29_rotate_3.jpg
737,img_105_shift_4.jpg
738,img_88_shift_3.jpg
739,img_41_rotate_3.jpg
740,img_41_rotate_2.jpg
741,img_19_shift_3.jpg
742,img_80_rotate_3.jpg
743,img_68_rotate_2.jpg
744,img_12_rotate_1.jpg
745,img_45_rotate_4.jpg
746,img_66_rotate_3.jpg
747,img_44_shift_1.jpg
748,img_20.jpg
749,img_53_shift_4.jpg
750,img_109_rotate_3.jpg
751,img_23.jpg
752,img_87_shift_1.jpg
753,img_20_shift_4.jpg
754,img_13_rotate_1.jpg
755,img_73.jpg
756,img_89_rotate_3.jpg
757,img_74_shift_2.jpg
758,img_32_rotate_2.jpg
759,img_109_rotate_1.jpg
760,img_71_rotate_3.jpg
761,img_6_rotate_3.jpg
762,img_4_rotate_3.jpg
763,img_47.jpg
764,img_34_shift_2.jpg
765,img_10_rotate_1.jpg
766,img_23_rotate_2.jpg
767,img_54_shift_1.jpg
768,img_25_rotate_2.jpg
769,img_38_shift_3.jpg
770,img_60.jpg
771,img_36_shift_1.jpg
772,img_51.jpg
773,img_16_shift_2.jpg
774,img_77.jpg
775,img_75_shift_2.jpg
776,img_108_shift_3.jpg
777,img_95_shift_1.jpg
778,img_22_rotate_1.jpg
779,img_27_rotate_1.jpg
780,img_25_shift_4.jpg
781,img_32_rotate_3.jpg
782,img_64.jpg
783,img_1_rotate_3.jpg
784,img_60_rotate_3.jpg
785,img_58_rotate_3.jpg
786,img_2_shift_2.jpg
787,img_2_shift_3.jpg
788,img_109_shift_4.jpg
789,img_33.jpg
790,img_14_shift_3.jpg
791,img_90_shift_1.jpg
792,img_3_rotate_3.jpg
793,img_68_rotate_1.jpg
794,img_38_rotate_4.jpg
795,img_41_shift_1.jpg
796,img_31_rotate_2.jpg
797,img_68_rotate_4.jpg
798,img_61_rotate_1.jpg
799,img_30_shift_2.jpg
800,img_54_rotate_2.jpg
801,img_20_rotate_3.jpg
802,img_5_shift_1.jpg
803,img_56.jpg
804,img_101_shift_4.jpg
805,img_22_shift_2.jpg
806,img_37_shift_3.jpg
807,img_103_shift_3.jpg
808,img_89_rotate_4.jpg
809,img_2_shift_4.jpg
810,img_57.jpg
811,img_59_rotate_2.jpg
812,img_76_rotate_3.jpg
813,img_62_shift_2.jpg
814,img_42_rotate_2.jpg
815,img_86_rotate_4.jpg
816,img_102_rotate_4.jpg
817,img_75_shift_1.jpg
